<?xml version="1.0" encoding="UTF-8"?>
<GenRun Id="impl_1" LaunchPart="xc7a35tcpg236-1" LaunchTime="1509576158">
  <File Type="PWROPT-DCP" Name="WAVE_JENNY_pwropt.dcp"/>
  <File Type="ROUTE-PWR" Name="WAVE_JENNY_power_routed.rpt"/>
  <File Type="PA-TCL" Name="WAVE_JENNY.tcl"/>
  <File Type="ROUTE-PWR-SUM" Name="WAVE_JENNY_power_summary_routed.pb"/>
  <File Type="REPORTS-TCL" Name="WAVE_JENNY_reports.tcl"/>
  <File Type="BG-DRC" Name="WAVE_JENNY.drc"/>
  <File Type="OPT-METHODOLOGY-DRC" Name="WAVE_JENNY_methodology_drc_opted.rpt"/>
  <File Type="INIT-TIMING" Name="WAVE_JENNY_timing_summary_init.rpt"/>
  <File Type="OPT-HWDEF" Name="WAVE_JENNY.hwdef"/>
  <File Type="OPT-DCP" Name="WAVE_JENNY_opt.dcp"/>
  <File Type="OPT-DRC" Name="WAVE_JENNY_drc_opted.rpt"/>
  <File Type="OPT-TIMING" Name="WAVE_JENNY_timing_summary_opted.rpt"/>
  <File Type="PWROPT-DRC" Name="WAVE_JENNY_drc_pwropted.rpt"/>
  <File Type="PWROPT-TIMING" Name="WAVE_JENNY_timing_summary_pwropted.rpt"/>
  <File Type="PLACE-DCP" Name="WAVE_JENNY_placed.dcp"/>
  <File Type="PLACE-IO" Name="WAVE_JENNY_io_placed.rpt"/>
  <File Type="PLACE-CLK" Name="WAVE_JENNY_clock_utilization_placed.rpt"/>
  <File Type="PLACE-UTIL" Name="WAVE_JENNY_utilization_placed.rpt"/>
  <File Type="PLACE-UTIL-PB" Name="WAVE_JENNY_utilization_placed.pb"/>
  <File Type="PLACE-CTRL" Name="WAVE_JENNY_control_sets_placed.rpt"/>
  <File Type="PLACE-SIMILARITY" Name="WAVE_JENNY_incremental_reuse_placed.rpt"/>
  <File Type="PLACE-PRE-SIMILARITY" Name="WAVE_JENNY_incremental_reuse_pre_placed.rpt"/>
  <File Type="PLACE-TIMING" Name="WAVE_JENNY_timing_summary_placed.rpt"/>
  <File Type="POSTPLACE-PWROPT-DCP" Name="WAVE_JENNY_postplace_pwropt.dcp"/>
  <File Type="POSTPLACE-PWROPT-TIMING" Name="WAVE_JENNY_timing_summary_postplace_pwropted.rpt"/>
  <File Type="PHYSOPT-DCP" Name="WAVE_JENNY_physopt.dcp"/>
  <File Type="PHYSOPT-DRC" Name="WAVE_JENNY_drc_physopted.rpt"/>
  <File Type="BG-BIT" Name="WAVE_JENNY.bit"/>
  <File Type="PHYSOPT-TIMING" Name="WAVE_JENNY_timing_summary_physopted.rpt"/>
  <File Type="ROUTE-ERROR-DCP" Name="WAVE_JENNY_routed_error.dcp"/>
  <File Type="ROUTE-DCP" Name="WAVE_JENNY_routed.dcp"/>
  <File Type="ROUTE-BLACKBOX-DCP" Name="WAVE_JENNY_routed_bb.dcp"/>
  <File Type="ROUTE-DRC" Name="WAVE_JENNY_drc_routed.rpt"/>
  <File Type="ROUTE-DRC-PB" Name="WAVE_JENNY_drc_routed.pb"/>
  <File Type="BITSTR-MSK" Name="WAVE_JENNY.msk"/>
  <File Type="ROUTE-DRC-RPX" Name="WAVE_JENNY_drc_routed.rpx"/>
  <File Type="BG-BGN" Name="WAVE_JENNY.bgn"/>
  <File Type="ROUTE-METHODOLOGY-DRC" Name="WAVE_JENNY_methodology_drc_routed.rpt"/>
  <File Type="BITSTR-RBT" Name="WAVE_JENNY.rbt"/>
  <File Type="ROUTE-METHODOLOGY-DRC-RPX" Name="WAVE_JENNY_methodology_drc_routed.rpx"/>
  <File Type="BG-BIN" Name="WAVE_JENNY.bin"/>
  <File Type="ROUTE-METHODOLOGY-DRC-PB" Name="WAVE_JENNY_methodology_drc_routed.pb"/>
  <File Type="ROUTE-PWR-RPX" Name="WAVE_JENNY_power_routed.rpx"/>
  <File Type="ROUTE-STATUS" Name="WAVE_JENNY_route_status.rpt"/>
  <File Type="ROUTE-STATUS-PB" Name="WAVE_JENNY_route_status.pb"/>
  <File Type="ROUTE-TIMINGSUMMARY" Name="WAVE_JENNY_timing_summary_routed.rpt"/>
  <File Type="ROUTE-TIMING-PB" Name="WAVE_JENNY_timing_summary_routed.pb"/>
  <File Type="ROUTE-TIMING-RPX" Name="WAVE_JENNY_timing_summary_routed.rpx"/>
  <File Type="ROUTE-SIMILARITY" Name="WAVE_JENNY_incremental_reuse_routed.rpt"/>
  <File Type="RDI-RDI" Name="WAVE_JENNY.vdi"/>
  <File Type="ROUTE-CLK" Name="WAVE_JENNY_clock_utilization_routed.rpt"/>
  <File Type="POSTROUTE-PHYSOPT-DCP" Name="WAVE_JENNY_postroute_physopt.dcp"/>
  <File Type="POSTROUTE-PHYSOPT-BLACKBOX-DCP" Name="WAVE_JENNY_postroute_physopt_bb.dcp"/>
  <File Type="POSTROUTE-PHYSOPT-TIMING" Name="WAVE_JENNY_timing_summary_postroute_physopted.rpt"/>
  <File Type="POSTROUTE-PHYSOPT-TIMING-PB" Name="WAVE_JENNY_timing_summary_postroute_physopted.pb"/>
  <File Type="POSTROUTE-PHYSOPT-TIMING-RPX" Name="WAVE_JENNY_timing_summary_postroute_physopted.rpx"/>
  <File Type="BITSTR-NKY" Name="WAVE_JENNY.nky"/>
  <File Type="BITSTR-BMM" Name="WAVE_JENNY_bd.bmm"/>
  <File Type="BITSTR-MMI" Name="WAVE_JENNY.mmi"/>
  <File Type="BITSTR-LTX" Name="debug_nets.ltx"/>
  <File Type="BITSTR-LTX" Name="WAVE_JENNY.ltx"/>
  <File Type="BITSTR-SYSDEF" Name="WAVE_JENNY.sysdef"/>
  <File Type="WBT-USG" Name="usage_statistics_webtalk.html"/>
  <FileSet Name="sources" Type="DesignSrcs" RelSrcDir="$PSRCDIR/sources_1">
    <Filter Type="Srcs"/>
    <File Path="$PSRCDIR/sources_1/new/AMPLITUDE_COUNTER.vhd">
      <FileInfo>
        <Attr Name="UsedIn" Val="synthesis"/>
        <Attr Name="UsedIn" Val="simulation"/>
      </FileInfo>
    </File>
    <File Path="$PSRCDIR/sources_1/new/FREQUENCY_MODULE.vhd">
      <FileInfo>
        <Attr Name="UsedIn" Val="synthesis"/>
        <Attr Name="UsedIn" Val="simulation"/>
      </FileInfo>
    </File>
    <File Path="$PSRCDIR/sources_1/new/PWM_JENNY.vhd">
      <FileInfo>
        <Attr Name="UsedIn" Val="synthesis"/>
        <Attr Name="UsedIn" Val="simulation"/>
      </FileInfo>
    </File>
    <File Path="$PSRCDIR/sources_1/new/SIN_WAVE.vhd">
      <FileInfo>
        <Attr Name="UsedIn" Val="synthesis"/>
        <Attr Name="UsedIn" Val="simulation"/>
      </FileInfo>
    </File>
    <File Path="$PSRCDIR/sources_1/imports/new/WAVE_SELECTOR.vhd">
      <FileInfo>
        <Attr Name="ImportPath" Val="$PPRDIR/../project_2/project_2.srcs/sources_1/new/WAVE_SELECTOR.vhd"/>
        <Attr Name="ImportTime" Val="1509413255"/>
        <Attr Name="UsedIn" Val="synthesis"/>
        <Attr Name="UsedIn" Val="simulation"/>
      </FileInfo>
    </File>
    <File Path="$PSRCDIR/sources_1/new/debounce.vhd">
      <FileInfo>
        <Attr Name="UsedIn" Val="synthesis"/>
        <Attr Name="UsedIn" Val="simulation"/>
      </FileInfo>
    </File>
    <File Path="$PSRCDIR/sources_1/new/debounce_multi.vhd">
      <FileInfo>
        <Attr Name="UsedIn" Val="synthesis"/>
        <Attr Name="UsedIn" Val="simulation"/>
      </FileInfo>
    </File>
    <File Path="$PSRCDIR/sources_1/new/saw_wave.vhd">
      <FileInfo>
        <Attr Name="UsedIn" Val="synthesis"/>
        <Attr Name="UsedIn" Val="simulation"/>
      </FileInfo>
    </File>
    <File Path="$PSRCDIR/sources_1/new/square_wave.vhd">
      <FileInfo>
        <Attr Name="UsedIn" Val="synthesis"/>
        <Attr Name="UsedIn" Val="simulation"/>
      </FileInfo>
    </File>
    <File Path="$PSRCDIR/sources_1/new/tri_wave.vhd">
      <FileInfo>
        <Attr Name="UsedIn" Val="synthesis"/>
        <Attr Name="UsedIn" Val="simulation"/>
      </FileInfo>
    </File>
    <File Path="$PSRCDIR/sources_1/new/WAVE_JENNY.vhd">
      <FileInfo>
        <Attr Name="UsedIn" Val="synthesis"/>
        <Attr Name="UsedIn" Val="simulation"/>
      </FileInfo>
    </File>
    <Config>
      <Option Name="DesignMode" Val="RTL"/>
      <Option Name="TopModule" Val="WAVE_JENNY"/>
    </Config>
  </FileSet>
  <FileSet Name="constrs_in" Type="Constrs" RelSrcDir="$PSRCDIR/constrs_1">
    <Filter Type="Constrs"/>
    <File Path="$PSRCDIR/constrs_1/new/CONSTRAINTS.xdc">
      <FileInfo>
        <Attr Name="UsedIn" Val="synthesis"/>
        <Attr Name="UsedIn" Val="implementation"/>
      </FileInfo>
    </File>
    <Config>
      <Option Name="ConstrsType" Val="XDC"/>
    </Config>
  </FileSet>
  <Strategy Version="1" Minor="2">
    <StratHandle Name="Vivado Implementation Defaults" Flow="Vivado Implementation 2017">
      <Desc>Default settings for Implementation.</Desc>
    </StratHandle>
    <Step Id="init_design"/>
    <Step Id="opt_design"/>
    <Step Id="power_opt_design"/>
    <Step Id="place_design"/>
    <Step Id="post_place_power_opt_design"/>
    <Step Id="phys_opt_design"/>
    <Step Id="route_design"/>
    <Step Id="post_route_phys_opt_design"/>
    <Step Id="write_bitstream"/>
  </Strategy>
</GenRun>
